id	policy_loss	critic_loss	performance	generalization
0	mean((logprob((pi(next_state)|a)|pi(next_state)) - min_last_axis(v(state, (pi(next_state)|a)))))	mean(L2[(reward + ((v(next_state, (pi(next_state)|a)) - logprob((pi(next_state)|a)|pi(next_state))) * gamma)), v(state, action)])	0.8521731892081191	0.4452412296527714
1	mean((logprob((pi(next_state)|a)|pi(next_state)) - min_last_axis(v(state, (pi(next_state)|a)))))	mean(L2[(reward + ((v(next_state, (pi(next_state)|a)) - logprob((pi(next_state)|a)|pi(next_state))) * gamma)), v(state, action)])	0.8514007726351841	0.4565770424128477
2	mean((logprob((pi(state)|a)|pi(state)) - v(next_state, (pi(state)|a))))	mean(L2[(reward + ((v(next_state, (pi(state)|a)) - logprob((pi(state)|a)|pi(state))) * gamma)), v(state, action)])	0.8512511554095286	0.46009865419331347
3	mean((logprob((pi(next_state)|a)|pi(next_state)) - v(next_state, (pi(next_state)|a))))	mean(L2[(reward + ((v(next_state, (pi(next_state)|a)) - logprob((pi(next_state)|a)|pi(next_state))) * gamma)), v(state, action)])	0.8508264880352144	0.466898832237039
4	mean((logprob((pi(next_state)|a)|pi(next_state)) - min_last_axis(v(state, (pi(next_state)|a)))))	mean(L2[(reward + ((v(next_state, (pi(next_state)|a)) - logprob((pi(next_state)|a)|pi(next_state))) * gamma)), v(state, action)])	0.8498117446472511	0.4744939265985331
5	mean((logprob((pi(state)|a)|pi(state)) - min_last_axis(v(state, (pi(state)|a)))))	mean(L2[(reward + ((v(next_state, (pi(next_state)|a)) - logprob((pi(next_state)|a)|pi(next_state))) * gamma)), v(state, action)])	0.847561511200514	0.4776745020500127
6	mean((logprob((pi(next_state)|a)|pi(next_state)) - min_last_axis(v(state, (pi(state)|a)))))	mean(L2[(reward + ((v(next_state, (pi(next_state)|a)) - logprob((pi(next_state)|a)|pi(next_state))) * gamma)), v(state, action)])	0.8460537050733443	0.4819878404796046
7	mean((logprob((pi(state)|a)|pi(state)) - min_last_axis(v(next_state, (pi(state)|a)))))	mean(L2[(reward + ((v(next_state, (pi(next_state)|a)) - logprob((pi(next_state)|a)|pi(next_state))) * gamma)), v(state, action)])	0.8451057936200335	0.49588209741922773
8	mean((logprob((pi(state)|a)|pi(state)) - min_last_axis(v(state, (pi(next_state)|a)))))	mean(L2[(reward + ((v(next_state, (pi(next_state)|a)) - logprob((pi(next_state)|a)|pi(next_state))) * gamma)), v(state, action)])	0.851954250360285	0.4318324410915352
9	mean((logprob((pi(next_state)|a)|pi(next_state)) - min_last_axis(v(state, (pi(state)|a)))))	mean(L2[(reward + ((v(next_state, (pi(next_state)|a)) - logprob((pi(next_state)|a)|pi(next_state))) * gamma)), v(state, action)])	0.8513880656814073	0.4468899823903929
10	mean((logprob((pi(next_state)|a)|pi(next_state)) - min_last_axis(v(state, (pi(next_state)|a)))))	mean(L2[(reward + ((v(next_state, (pi(next_state)|a)) - logprob((pi(next_state)|a)|pi(next_state))) * gamma)), v(state, action)])	0.850973937894728	0.44795392479689194
11	mean((logprob((pi(next_state)|a)|pi(next_state)) - min_last_axis(v(state, (pi(next_state)|a)))))	mean(L2[(reward + ((v(next_state, (pi(next_state)|a)) - logprob((pi(next_state)|a)|pi(next_state))) * gamma)), v(state, action)])	0.8498135127671501	0.4580325622838702
12	mean((logprob((pi(state)|a)|pi(state)) - v(next_state, (pi(state)|a))))	mean(L2[(reward + ((v(next_state, (pi(state)|a)) - logprob((pi(state)|a)|pi(state))) * gamma)), v(state, action)])	0.8498084825103789	0.47253495486411423
13	mean((logprob((pi(state)|a)|pi(state)) - v(next_state, (pi(state)|a))))	mean(L2[(reward + ((v(next_state, (pi(state)|a)) - logprob((pi(state)|a)|pi(state))) * gamma)), v(state, action)])	0.8483276215914807	0.47370426555330175
14	mean((logprob((pi(state)|a)|pi(state)) - min_last_axis(v(state, (pi(next_state)|a)))))	mean(L2[(reward + ((v(next_state, (pi(next_state)|a)) - logprob((pi(next_state)|a)|pi(next_state))) * gamma)), v(state, action)])	0.8460375462588978	0.4787081546099009
15	mean((logprob((pi(state)|a)|pi(state)) - min_last_axis(v(state, (pi(state)|a)))))	mean(L2[(reward + ((v(next_state, (pi(next_state)|a)) - logprob((pi(next_state)|a)|pi(next_state))) * gamma)), v(state, action)])	0.8438065905206482	0.47877935521887505
16	mean((logprob((pi(next_state)|a)|pi(next_state)) - min_last_axis(v(state, (pi(state)|a)))))	mean(L2[(reward + ((v(next_state, (pi(next_state)|a)) - logprob((pi(next_state)|a)|pi(next_state))) * gamma)), v(state, action)])	0.8420569565267395	0.48200619237448705
17	mean((logprob((pi(state)|a)|pi(state)) - min_last_axis(v(state, (pi(state)|a)))))	mean(L2[(reward + ((v(next_state, (pi(state)|a)) - logprob((pi(state)|a)|pi(state))) * gamma)), v(state, action)])	0.8419862852843066	0.48362454174315284
18	mean((logprob((pi(next_state)|a)|pi(next_state)) - min_last_axis(v(state, (pi(state)|a)))))	mean(L2[(reward + ((v(next_state, (pi(next_state)|a)) - logprob((pi(next_state)|a)|pi(next_state))) * gamma)), v(state, action)])	0.8359671656326987	0.49040577082767844
19	mean((logprob((pi(state)|a)|pi(state)) - min_last_axis(v(state, (pi(next_state)|a)))))	mean(L2[(reward + ((v(next_state, (pi(next_state)|a)) - logprob((pi(next_state)|a)|pi(next_state))) * gamma)), v(state, action)])	0.8514231966151751	0.3905045634146763
20	mean((logprob((pi(state)|a)|pi(state)) - min_last_axis(v(state, (pi(next_state)|a)))))	mean(L2[(reward + ((min_last_axis(v(next_state, (pi(next_state)|a))) - logprob((pi(next_state)|a)|pi(next_state))) * gamma)), v(state, action)])	0.8511869422860419	0.4267947488029488
21	mean((logprob((pi(next_state)|a)|pi(next_state)) - min_last_axis(v(state, (pi(state)|a)))))	mean(L2[(reward + ((v(next_state, (pi(next_state)|a)) - logprob((pi(next_state)|a)|pi(next_state))) * gamma)), v(state, action)])	0.8505537388641601	0.4456555430964133
22	mean((logprob((pi(state)|a)|pi(state)) - min_last_axis(v(state, (pi(next_state)|a)))))	mean(L2[(reward + ((v(next_state, (pi(next_state)|a)) - logprob((pi(next_state)|a)|pi(next_state))) * gamma)), v(state, action)])	0.8498007645932243	0.45996548085419814
23	mean((logprob((pi(state)|a)|pi(state)) - min_last_axis(v(state, (pi(next_state)|a)))))	mean(L2[(reward + ((v(next_state, (pi(next_state)|a)) - logprob((pi(next_state)|a)|pi(next_state))) * gamma)), v(state, action)])	0.8496295743141652	0.46597699500981216
24	mean((logprob((pi(next_state)|a)|pi(next_state)) - min_last_axis(v(state, (pi(next_state)|a)))))	mean(L2[(reward + ((v(next_state, (pi(next_state)|a)) - logprob((pi(next_state)|a)|pi(next_state))) * gamma)), v(state, action)])	0.8485719277506468	0.4691519231945297
25	mean((logprob((pi(state)|a)|pi(state)) - min_last_axis(v(state, (pi(state)|a)))))	mean(L2[(reward + ((v(next_state, (pi(next_state)|a)) - logprob((pi(next_state)|a)|pi(next_state))) * gamma)), v(state, action)])	0.8484419342064511	0.47018529607311416
26	mean((logprob((pi(state)|a)|pi(state)) - min_last_axis(v(state, (pi(state)|a)))))	mean(L2[(reward + ((min_last_axis(v(next_state, (pi(next_state)|a))) - logprob((pi(next_state)|a)|pi(next_state))) * gamma)), v(state, action)])	0.8455313543210091	0.47402900120639907
27	mean((logprob((pi(next_state)|a)|pi(next_state)) - min_last_axis(v(state, (pi(state)|a)))))	mean(L2[(reward + ((v(next_state, (pi(next_state)|a)) - logprob((pi(next_state)|a)|pi(next_state))) * gamma)), v(state, action)])	0.8450315317139607	0.4767540279622562
28	mean((logprob((pi(state)|a)|pi(state)) - min_last_axis(v(next_state, (pi(state)|a)))))	mean(L2[(reward + ((min_last_axis(v(next_state, (pi(next_state)|a))) - logprob((pi(next_state)|a)|pi(next_state))) * gamma)), v(state, action)])	0.8434007601989971	0.47712336297300884
29	mean((logprob((pi(next_state)|a)|pi(next_state)) - min_last_axis(v(state, (pi(state)|a)))))	mean(L2[(reward + ((v(next_state, (pi(next_state)|a)) - logprob((pi(next_state)|a)|pi(next_state))) * gamma)), v(state, action)])	0.8430737823967384	0.4782483861081862
30	mean((logprob((pi(next_state)|a)|pi(next_state)) - min_last_axis(v(state, (pi(next_state)|a)))))	mean(L2[(reward + ((v(next_state, (pi(next_state)|a)) - logprob((pi(next_state)|a)|pi(next_state))) * gamma)), v(state, action)])	0.8388371909788923	0.4783973223688265
31	mean((logprob((pi(state)|a)|pi(state)) - v(next_state, (pi(state)|a))))	mean(L2[(reward + ((v(next_state, (pi(state)|a)) - logprob((pi(state)|a)|pi(state))) * gamma)), v(state, action)])	0.8350208911256264	0.49011487761230055
32	mean((logprob((pi(state)|a)|pi(state)) - min_last_axis(v(state, (pi(next_state)|a)))))	mean(L2[(reward + ((min_last_axis(v(next_state, (pi(next_state)|a))) - logprob((pi(next_state)|a)|pi(next_state))) * gamma)), v(state, action)])	0.850609851620478	0.42348745835962653
33	mean((logprob((pi(next_state)|a)|pi(next_state)) - v(state, (pi(next_state)|a))))	mean(L2[(reward + ((v(next_state, (pi(next_state)|a)) - logprob((pi(next_state)|a)|pi(next_state))) * gamma)), v(state, action)])	0.8501757000333875	0.4439362693216316
34	mean((logprob((pi(state)|a)|pi(state)) - min_last_axis(v(state, (pi(next_state)|a)))))	mean(L2[(reward + ((v(next_state, (pi(next_state)|a)) - logprob((pi(next_state)|a)|pi(next_state))) * gamma)), v(state, action)])	0.8495972975454115	0.45427501250890934
35	mean((logprob((pi(state)|a)|pi(state)) - min_last_axis(v(state, (pi(next_state)|a)))))	mean(L2[(reward + ((v(next_state, (pi(next_state)|a)) - logprob((pi(next_state)|a)|pi(next_state))) * gamma)), v(state, action)])	0.849436643361145	0.45719536397629035
36	mean((logprob((pi(next_state)|a)|pi(next_state)) - min_last_axis(v(state, (pi(state)|a)))))	mean(L2[(reward + ((v(next_state, (pi(next_state)|a)) - logprob((pi(next_state)|a)|pi(next_state))) * gamma)), v(state, action)])	0.8492260839075486	0.46066724490254435
37	mean((logprob((pi(next_state)|a)|pi(next_state)) - min_last_axis(v(state, (pi(next_state)|a)))))	mean(L2[(reward + ((v(next_state, (pi(next_state)|a)) - logprob((pi(next_state)|a)|pi(next_state))) * gamma)), v(state, action)])	0.8489215201903886	0.4639513162071076
38	mean((logprob((pi(state)|a)|pi(state)) - min_last_axis(v(state, (pi(state)|a)))))	mean(L2[(reward + ((v(next_state, (pi(state)|a)) - logprob((pi(state)|a)|pi(state))) * gamma)), v(state, action)])	0.8451108524276949	0.4659607887709595
39	mean((logprob((pi(state)|a)|pi(state)) - min_last_axis(v(state, (pi(state)|a)))))	mean(L2[(reward + ((v(next_state, (pi(state)|a)) - logprob((pi(next_state)|a)|pi(next_state))) * gamma)), v(state, action)])	0.8450214505768568	0.4690018327553043
40	mean((logprob((pi(state)|a)|pi(state)) - min_last_axis(v(state, (pi(next_state)|a)))))	mean(L2[(reward + ((v(next_state, (pi(next_state)|a)) - logprob((pi(next_state)|a)|pi(next_state))) * gamma)), v(state, action)])	0.8449324109943255	0.4706000453057023
41	mean((logprob((pi(state)|a)|pi(state)) - min_last_axis(v(state, (pi(state)|a)))))	mean(L2[(reward + ((v(next_state, (pi(next_state)|a)) - logprob((pi(next_state)|a)|pi(next_state))) * gamma)), v(state, action)])	0.8444128837094291	0.4715762087252088
42	mean((logprob((pi(state)|a)|pi(state)) - v(next_state, (pi(state)|a))))	mean(L2[(reward + ((v(next_state, (pi(state)|a)) - logprob((pi(state)|a)|pi(state))) * gamma)), v(state, action)])	0.8443819658647544	0.47480422685883705
43	mean((logprob((pi(state)|a)|pi(state)) - max(v(state, (pi(state)|a)), 0.5 * (v(next_state, (pi(next_state)|a)) - logprob((pi(next_state)|a)|pi(next_state))))))	mean(L2[(reward + ((v(next_state, (pi(next_state)|a)) - logprob((pi(next_state)|a)|pi(next_state))) * gamma)), v(state, action)])	0.8435071132773253	0.47516879960347874
44	mean((logprob((pi(next_state)|a)|pi(next_state)) - min_last_axis(v(state, (pi(state)|a)))))	mean(L2[(reward + ((v(next_state, (pi(next_state)|a)) - logprob((pi(next_state)|a)|pi(next_state))) * gamma)), v(state, action)])	0.841310595397401	0.4754318451668556
45	mean((logprob((pi(state)|a)|pi(state)) - min_last_axis(v(state, (pi(state)|a)))))	mean(L2[(reward + ((v(next_state, (pi(state)|a)) - logprob((pi(state)|a)|pi(next_state))) * gamma)), v(state, action)])	0.8367687226230198	0.4781856290553863
46	mean((logprob((pi(state)|a)|pi(state)) - min_last_axis(v(state, (pi(state)|a)))))	mean(L2[(reward + ((v(next_state, (pi(next_state)|a)) - logprob((pi(next_state)|a)|pi(next_state))) * gamma)), v(state, action)])	0.8305841653127671	0.48030913707326045
47	mean((logprob((pi(state)|a)|pi(state)) - v(next_state, (pi(state)|a))))	mean(L2[(reward + ((v(next_state, (pi(state)|a)) - logprob((pi(state)|a)|pi(state))) * gamma)), v(state, action)])	0.8297065672816397	0.48148090604266214
48	mean((logprob((pi(next_state)|a)|pi(next_state)) - v(state, (pi(next_state)|a))))	mean(L2[(reward + ((v(next_state, (pi(next_state)|a)) - logprob((pi(next_state)|a)|pi(next_state))) * gamma)), v(state, action)])	0.8500578572985863	0.4301584103047267
49	mean((logprob((pi(next_state)|a)|pi(next_state)) - min_last_axis(v(state, (pi(next_state)|a)))))	mean(L2[(reward + ((v(next_state, (pi(next_state)|a)) - logprob((pi(next_state)|a)|pi(next_state))) * gamma)), v(state, action)])	0.8500118000735455	0.44157559056640217
50	mean((logprob((pi(next_state)|a)|pi(next_state)) - min_last_axis(v(state, (pi(next_state)|a)))))	mean(L2[(reward + ((v(next_state, (pi(next_state)|a)) - logprob((pi(next_state)|a)|pi(next_state))) * gamma)), v(state, action)])	0.8496063892921898	0.4422858411890906
51	mean((logprob((pi(state)|a)|pi(state)) - min_last_axis(v(next_state, (pi(state)|a)))))	mean(L2[(reward + ((v(next_state, (pi(state)|a)) - logprob((pi(state)|a)|pi(state))) * gamma)), v(state, action)])	0.8492919341322502	0.455016352462808
52	mean((logprob((pi(next_state)|a)|pi(next_state)) - min_last_axis(v(state, (pi(next_state)|a)))))	mean(L2[(reward + ((v(next_state, (pi(next_state)|a)) - logprob((pi(next_state)|a)|pi(state))) * gamma)), v(state, action)])	0.8487202436575597	0.45619034411564263
53	mean((logprob((pi(next_state)|a)|pi(next_state)) - min_last_axis(v(state, (pi(next_state)|a)))))	mean(L2[(reward + ((v(next_state, (pi(next_state)|a)) - logprob((pi(next_state)|a)|pi(next_state))) * gamma)), v(state, action)])	0.8485307399918748	0.4624771588561133
54	mean((logprob((pi(next_state)|a)|pi(next_state)) - min_last_axis(v(state, (pi(state)|a)))))	mean(L2[(reward + ((v(next_state, (pi(next_state)|a)) - logprob((pi(next_state)|a)|pi(next_state))) * gamma)), v(state, action)])	0.8484817345810305	0.4638235421588136
55	mean((logprob((pi(next_state)|a)|pi(next_state)) - min_last_axis(v(state, (pi(next_state)|a)))))	mean(L2[(reward + ((v(next_state, (pi(next_state)|a)) - logprob((pi(next_state)|a)|pi(next_state))) * gamma)), v(state, action)])	0.8453486902734146	0.46388343954003525
56	mean((logprob((pi(state)|a)|pi(state)) - min_last_axis(v(state, (pi(state)|a)))))	mean(L2[(reward + ((v(next_state, (pi(state)|a)) - logprob((pi(state)|a)|pi(next_state))) * gamma)), v(state, action)])	0.8446589540082262	0.4700669577456272
57	mean((logprob((pi(state)|a)|pi(state)) - min_last_axis(v(next_state, (pi(state)|a)))))	mean(L2[(reward + ((v(next_state, (pi(state)|a)) - logprob((pi(state)|a)|pi(next_state))) * gamma)), v(state, action)])	0.8442743236982007	0.47246440964432573
58	mean((logprob((pi(state)|a)|pi(state)) - v(next_state, (pi(state)|a))))	mean(L2[(reward + ((v(next_state, (pi(state)|a)) - logprob((pi(state)|a)|pi(state))) * gamma)), v(state, action)])	0.8427496840884984	0.47442471419743976
59	mean((logprob((pi(next_state)|a)|pi(next_state)) - min_last_axis(v(state, (pi(state)|a)))))	mean(L2[(reward + ((v(next_state, (pi(next_state)|a)) - logprob((pi(next_state)|a)|pi(next_state))) * gamma)), v(state, action)])	0.8330214465373122	0.47529428897204906
60	mean((logprob((pi(state)|a)|pi(state)) - min_last_axis(v(state, (pi(state)|a)))))	mean(L2[(reward + ((min_last_axis(v(next_state, (pi(next_state)|a))) - logprob((pi(next_state)|a)|pi(next_state))) * gamma)), v(state, action)])	0.8280342985961866	0.4778803481722414
61	mean((logprob((pi(state)|a)|pi(state)) - min_last_axis(v(state, (pi(state)|a)))))	mean(L2[(reward + ((min_last_axis(v(next_state, (pi(next_state)|a))) - logprob((pi(next_state)|a)|pi(state))) * gamma)), v(state, action)])	0.8275471575598998	0.4789473733210732
62	mean((logprob((pi(next_state)|a)|pi(next_state)) - min_last_axis(v(next_state, (pi(next_state)|a)))))	mean(L2[(reward + ((min_last_axis(v(next_state, (pi(next_state)|a))) - logprob((pi(next_state)|a)|pi(next_state))) * gamma)), v(state, action)])	0.8170091449860394	0.4798353374099741
63	mean((logprob((pi(state)|a)|pi(state)) - min_last_axis(v(state, (pi(state)|a)))))	mean(L2[(reward + ((min_last_axis(v(next_state, (pi(next_state)|a))) - logprob((pi(next_state)|a)|pi(next_state))) * gamma)), v(state, action)])	0.8038594081675832	0.4802855933182601
64	mean((logprob((pi(next_state)|a)|pi(next_state)) - min_last_axis(v(state, (pi(next_state)|a)))))	mean(L2[(reward + (v(next_state, (pi(next_state)|a)) * gamma)), v(state, action)])	0.8497846171059327	0.4195520032977343
65	mean((logprob((pi(state)|a)|pi(state)) - min_last_axis(v(state, (pi(state)|a)))))	mean(L2[(reward + (v(next_state, (pi(next_state)|a)) * gamma)), v(state, action)])	0.8497674364762929	0.4260370067187634
66	mean((logprob((pi(state)|a)|pi(state)) - min_last_axis(v(state, (pi(state)|a)))))	mean(L2[(reward + ((v(next_state, (pi(next_state)|a)) - logprob((pi(next_state)|a)|pi(state))) * gamma)), v(state, action)])	0.8497664140922626	0.4414663583048011
67	mean((logprob((pi(next_state)|a)|pi(next_state)) - min_last_axis(v(state, (pi(state)|a)))))	mean(L2[(reward + ((v(next_state, (pi(next_state)|a)) - logprob((pi(next_state)|a)|pi(next_state))) * gamma)), v(state, action)])	0.848909904640916	0.4500041312689643
68	mean((logprob((pi(state)|a)|pi(state)) - v(next_state, (pi(state)|a))))	mean(L2[(reward + ((v(next_state, (pi(state)|a)) - logprob((pi(state)|a)|pi(state))) * gamma)), v(state, action)])	0.8484281187419334	0.45791785601902824
69	mean((logprob((pi(state)|a)|pi(state)) - min_last_axis(v(next_state, (pi(state)|a)))))	mean(L2[(reward + ((v(next_state, (pi(state)|a)) - logprob((pi(state)|a)|pi(state))) * gamma)), v(state, action)])	0.8484251781351946	0.45950673758333466
70	mean((logprob((pi(state)|a)|pi(state)) - v(next_state, (pi(state)|a))))	mean(L2[(reward + ((v(next_state, (pi(state)|a)) - logprob((pi(state)|a)|pi(state))) * gamma)), v(state, action)])	0.848008638942883	0.4633730035183294
71	mean((logprob((pi(next_state)|a)|pi(next_state)) - min_last_axis(v(state, (pi(state)|a)))))	mean(L2[(reward + ((v(next_state, (pi(state)|a)) - logprob((pi(state)|a)|pi(state))) * gamma)), v(state, action)])	0.8445440128790557	0.4651165866071012
72	mean((logprob((pi(next_state)|a)|pi(next_state)) - min_last_axis(v(state, (pi(next_state)|a)))))	mean(L2[(reward + ((v(next_state, (pi(next_state)|a)) - logprob((pi(next_state)|a)|pi(next_state))) * gamma)), v(state, action)])	0.8439573533230714	0.47225353136019055
73	mean((logprob((pi(state)|a)|pi(state)) - min_last_axis(v(next_state, (pi(state)|a)))))	mean(L2[(reward + ((v(next_state, (pi(state)|a)) - logprob((pi(state)|a)|pi(next_state))) * gamma)), v(state, action)])	0.8366068239027722	0.47258205159436295
74	mean((logprob((pi(state)|a)|pi(state)) - min_last_axis(v(state, (pi(state)|a)))))	mean(L2[(reward + ((min_last_axis(v(next_state, (pi(next_state)|a))) - logprob((pi(next_state)|a)|pi(next_state))) * gamma)), v(state, action)])	0.8266103699672268	0.4785849559792082
75	mean((logprob((pi(next_state)|a)|pi(next_state)) - min_last_axis(v(state, (pi(next_state)|a)))))	mean(L2[(reward + ((v(next_state, (pi(next_state)|a)) - logprob((pi(next_state)|a)|pi(next_state))) * gamma)), v(state, action)])	0.8497199416513705	0.4395524880835454
76	mean((logprob((pi(next_state)|a)|pi(next_state)) - min_last_axis(v(state, (pi(state)|a)))))	mean(L2[(reward + (v(next_state, (pi(next_state)|a)) * gamma)), v(state, action)])	0.8486631896455165	0.4417966226914245
77	mean((logprob((pi(next_state)|a)|pi(next_state)) - min_last_axis(v(next_state, (pi(state)|a)))))	mean(L2[(reward + ((min_last_axis(v(next_state, (pi(next_state)|a))) - logprob((pi(next_state)|a)|pi(next_state))) * gamma)), v(state, action)])	0.848163339291305	0.4462819559816484
78	mean((logprob((pi(next_state)|a)|pi(next_state)) - min_last_axis(v(state, (pi(next_state)|a)))))	mean(L2[(reward + ((v(next_state, (pi(next_state)|a)) - logprob((pi(next_state)|a)|pi(next_state))) * gamma)), v(state, action)])	0.8481027858073282	0.45342845784668323
79	mean((logprob((pi(next_state)|a)|pi(next_state)) - min_last_axis(v(state, (pi(next_state)|a)))))	mean(L2[(reward + ((v(next_state, (pi(next_state)|a)) - logprob((pi(next_state)|a)|pi(next_state))) * gamma)), v(state, action)])	0.8479881828636557	0.45533741879956596
80	mean((logprob((pi(state)|a)|pi(state)) - min_last_axis(v(next_state, (pi(state)|a)))))	mean(L2[(reward + ((v(next_state, (pi(state)|a)) - logprob((pi(state)|a)|pi(next_state))) * gamma)), v(state, action)])	0.8479726915185284	0.46242109135393256
81	mean((logprob((pi(next_state)|a)|pi(next_state)) - min_last_axis(v(state, (pi(state)|a)))))	mean(L2[(reward + ((v(next_state, (pi(next_state)|a)) - logprob((pi(next_state)|a)|pi(next_state))) * gamma)), v(state, action)])	0.8479246349175174	0.4628164191351604
82	mean((logprob((pi(state)|a)|pi(state)) - min_last_axis(v(next_state, (pi(state)|a)))))	mean(L2[(reward + ((v(next_state, (pi(state)|a)) - logprob((pi(state)|a)|pi(state))) * gamma)), v(state, action)])	0.8455047919154346	0.46323961363276955
83	mean((logprob((pi(next_state)|a)|pi(next_state)) - min_last_axis(v(state, (pi(state)|a)))))	mean(L2[(reward + ((min_last_axis(v(next_state, (pi(next_state)|a))) - logprob((pi(next_state)|a)|pi(next_state))) * gamma)), v(state, action)])	0.8439798406069263	0.4650219635328151
84	mean((logprob((pi(state)|a)|pi(state)) - v(next_state, (pi(state)|a))))	mean(L2[(reward + ((v(next_state, (pi(state)|a)) - logprob((pi(state)|a)|pi(state))) * gamma)), v(state, action)])	0.8438583851642025	0.4685720528481971
85	mean((logprob((pi(next_state)|a)|pi(next_state)) - min_last_axis(v(state, (pi(state)|a)))))	mean(L2[(reward + ((v(next_state, (pi(next_state)|a)) - logprob((pi(next_state)|a)|pi(next_state))) * gamma)), v(state, action)])	0.8430858431010012	0.4698827195570121
86	mean((logprob((pi(next_state)|a)|pi(next_state)) - min_last_axis(v(state, (pi(next_state)|a)))))	mean(L2[(reward + ((min_last_axis(v(next_state, (pi(next_state)|a))) - logprob((pi(next_state)|a)|pi(next_state))) * gamma)), v(state, action)])	0.8422427837196044	0.4714337525252581
87	mean((logprob((pi(next_state)|a)|pi(next_state)) - min_last_axis(v(state, (pi(next_state)|a)))))	mean(L2[(reward + ((v(next_state, (pi(next_state)|a)) - logprob((pi(next_state)|a)|pi(next_state))) * gamma)), v(state, action)])	0.8412205609737462	0.4722324118473314
88	mean((logprob((pi(state)|a)|pi(state)) - min_last_axis(v(state, (pi(state)|a)))))	mean(L2[(reward + ((min_last_axis(v(next_state, (pi(state)|a))) - logprob((pi(state)|a)|pi(state))) * gamma)), v(state, action)])	0.8327713650967496	0.47244326473720344
89	mean((logprob((pi(state)|a)|pi(state)) - min_last_axis(v(state, (pi(next_state)|a)))))	mean(L2[(reward + ((v(next_state, (pi(next_state)|a)) - logprob((pi(next_state)|a)|pi(next_state))) * gamma)), v(state, action)])	0.8252106212328832	0.47516053828607735
90	mean((logprob((pi(state)|a)|pi(state)) - min_last_axis(v(state, (pi(state)|a)))))	mean(L2[(reward + ((v(next_state, (pi(state)|a)) - logprob((pi(state)|a)|pi(state))) * gamma)), v(state, action)])	0.819164743268103	0.47339016267542633
91	mean((logprob((pi(next_state)|a)|pi(next_state)) - min_last_axis(v(next_state, (pi(next_state)|a)))))	mean(L2[(reward + ((v(next_state, (pi(next_state)|a)) - logprob((pi(next_state)|a)|pi(next_state))) * gamma)), v(state, action)])	0.8424187857147237	0.4680602898456717
92	mean((logprob((pi(next_state)|a)|pi(next_state)) - min_last_axis(v(state, (pi(next_state)|a)))))	mean(L2[(reward + ((min_last_axis(v(next_state, (pi(next_state)|a))) - logprob((pi(next_state)|a)|pi(next_state))) * gamma)), v(state, action)])	0.8479954670369415	0.4494161648975939
93	mean((logprob((pi(next_state)|a)|pi(next_state)) - v(state, (pi(next_state)|a))))	mean(L2[(reward + ((v(next_state, (pi(next_state)|a)) - logprob((pi(next_state)|a)|pi(next_state))) * gamma)), v(state, action)])	0.8481464627608853	0.4451422777371392
94	mean((logprob((pi(state)|a)|pi(state)) - min_last_axis(v(next_state, (pi(state)|a)))))	mean(L2[(reward + ((min_last_axis(v(next_state, (pi(state)|a))) - logprob((pi(state)|a)|pi(next_state))) * gamma)), v(state, action)])	0.8384608755586133	0.471510329353063
95	mean((logprob((pi(state)|a)|pi(state)) - min_last_axis(v(state, (pi(state)|a)))))	mean(L2[(reward + ((v(next_state, (pi(state)|a)) - logprob((pi(state)|a)|pi(next_state))) * gamma)), v(state, action)])	0.8469425248329879	0.4618646990117236
96	mean((logprob((pi(state)|a)|pi(state)) - v(next_state, (pi(state)|a))))	mean(L2[(reward + ((v(next_state, (pi(state)|a)) - logprob((pi(state)|a)|pi(state))) * gamma)), v(state, action)])	0.849006493025749	0.43532850185696204
97	mean((logprob((pi(state)|a)|pi(state)) - min_last_axis(v(state, (pi(state)|a)))))	mean(L2[(reward + ((v(next_state, (pi(state)|a)) - logprob((pi(state)|a)|pi(state))) * gamma)), v(state, action)])	0.8426574759318792	0.4669542683848353
98	mean((logprob((pi(next_state)|a)|pi(next_state)) - min_last_axis(v(state, (pi(state)|a)))))	mean(L2[(reward + ((v(next_state, (pi(next_state)|a)) - logprob((pi(next_state)|a)|pi(next_state))) * gamma)), v(state, action)])	0.845248456468314	0.4629970624941485
99	mean((logprob((pi(state)|a)|pi(state)) - min_last_axis(v(state, (pi(state)|a)))))	mean(L2[(reward + ((v(next_state, (pi(state)|a)) - logprob((pi(state)|a)|pi(next_state))) * gamma)), v(state, action)])	0.8469425248329879	0.4618646990117236
